"Wavelength","Semrock FF01-400/40","Semrock FF01-470/28","Semrock FF01-532/18","Chroma 51000bs","pco.edge 4.2","Omicron LedHUB 405nm LED","Omicron LedHUB 475nm LED","Omicron LedHUB 530nm LED"
260,,,,,,0,0,-0.000478455120759285
261,,,,,,0,0,-0.000478455120759285
262,,,,,,0,0,-0.000478455120759285
263,,,,,,0,0,-0.000478455120759285
264,,,,,,0,0,-0.000478455120759285
265,,,,,,0,0,-0.000478455120759285
266,,,,,,0,0,-0.000478455120759285
267,,,,,,0,0,-0.000478455120759285
268,,,,,,0,0,-0.000478455120759285
269,,,,,,0,0,-0.000478455120759285
270,,,,,,0,0,-0.000478455120759285
271,,,,,,0,0,-0.000478455120759285
272,,,,,,0,0,-0.000478455120759285
273,,,,,,0,0,-0.000478455120759285
274,,,,,,0,0,-0.000478455120759285
275,,,,,,0,0,-0.000478455120759285
276,,,,,,0,0,-0.000478455120759285
277,,,,,,0,0,-0.000478455120759285
278,,,,,,0,0,-0.000478455120759285
279,,,,,,0,0,-0.000478455120759285
280,,,,,,0,0,-0.000478455120759285
281,,,,,,0,0,-0.000478455120759285
282,,,,,,0,0,-0.000478455120759285
283,,,,,,0,0,-0.000478455120759285
284,,,,,,0,0,-0.000478455120759285
285,,,,,,0,0,-0.000478455120759285
286,,,,,,0,0,-0.000478455120759285
287,,,,,,0,0,-0.000478455120759285
288,,,,,,0,0,-0.000478455120759285
289,,,,,,0,0,-0.000478455120759285
290,,,,,,0,0,-0.000478455120759285
291,,,,,,0,0,-0.000478455120759285
292,,,,,,0,0,-0.000478455120759285
293,,,,,,0,0,-0.000478455120759285
294,,,,,,0,0,-0.000478455120759285
295,,,,,,0,0,-0.000478455120759285
296,,,,,,0,0,-0.000478455120759285
297,,,,,,0,0,-0.000478455120759285
298,,,,,,0,0,-0.000478455120759285
299,,,,,,0,0,-0.000478455120759285
300,0.0000023369,,2.5976999e-7,,,0,0,-0.000478455120759285
301,0.0000020560999,0.0000032723999,2.4491999e-7,,,0,0,-0.000478455120759285
302,0.0000015236,0.0000012386,2.2987e-7,,,0,0,-0.000478455120759285
303,9.6952999e-7,4.6880001e-7,2.1284001e-7,,,0,0,-0.000478455120759285
304,6.1693999e-7,3.5035001e-7,1.9706e-7,,0.0668043970356593,0,0,-0.000478455120759285
305,3.9258001e-7,3.3129999e-7,1.8246e-7,,0.0681548245443902,0,0,-0.000478455120759285
306,6.4941003e-7,3.1363999e-7,1.735e-7,,0.0695052520531211,0,0,-0.000478455120759285
307,0.0000011144,3.0987999e-7,1.702e-7,,0.0708556795618521,0,0,-0.000478455120759285
308,0.0000019124,3.0616999e-7,1.6697e-7,,0.0722061070705829,0,0,-0.000478455120759285
309,0.0000032816999,3.0250001e-7,1.6379001e-7,,0.0735565345793139,0,0,-0.000478455120759285
310,0.0000056315998,2.9706001e-7,1.6030999e-7,,0.0749069620880448,0,0,-0.000478455120759285
311,0.0000057327002,2.8893001e-7,1.5676e-7,,0.0762338718797134,0,0,-0.000478455120759285
312,0.0000057197999,2.8100999e-7,1.5328e-7,,0.07755108448382,0,0,-0.000478455120759285
313,0.0000057069001,2.7332001e-7,1.4989e-7,,0.0789288899585875,0,0,-0.000478455120759285
314,0.0000056939998,2.6660999e-7,1.46e-7,,0.0804142957990648,0,0,-0.000478455120759285
315,0.0000056812,2.6033999e-7,1.4219e-7,,0.0820310269371264,0,0,-0.000478455120759285
316,0.0000071374998,2.5560001e-7,1.3848e-7,,0.0837795257414727,0,0,-0.000478455120759285
317,0.0000090447002,3.0115001e-7,1.3502e-7,,0.0856369520176296,0,0,-0.000478455120759285
318,0.000011461,3.5483001e-7,1.3218001e-7,,0.0875571830079491,0,0,-0.000478455120759285
319,0.000014524,4.1807999e-7,1.2939e-7,,0.0894708133916087,0,0,-0.000478455120759285
320,0.000018405,4.2988e-7,1.2666e-7,,0.0913590681096647,0,0,-0.000478455120759285
321,0.000012082,3.5560001e-7,1.7302e-7,,0.0932448835022032,0,0,-0.000478455120759285
322,0.0000077334998,2.9415e-7,3.3114e-7,,0.0951284666407733,0,0,-0.000478455120759285
323,0.0000049501,2.4331999e-7,6.3376001e-7,,0.0970191522692909,0,0,-0.000478455120759285
324,0.0000031684999,2.19e-7,0.0000012129,,0.0989232761809593,0,0,-0.000478455120759285
325,0.0000020281,2.0304e-7,8.1974002e-7,,0.100844175218268,0,0,-0.000478455120759285
326,0.0000016961,1.9089001e-7,4.0309999e-7,,0.102782187272995,0,0,-0.000478455120759285
327,0.0000014336,3.0301001e-7,1.9823e-7,,0.104734651286203,0,0,-0.000478455120759285
328,0.0000012117,4.8099002e-7,1e-7,,0.106695907248242,0,0,-0.000478455120759285
329,0.0000010241,7.635e-7,1e-7,,0.108657296198751,0,0,-0.000478455120759285
330,8.6558998e-7,8.0873002e-7,1e-7,,0.11061439524721,0,0,-0.000478455120759285
331,6.5067002e-7,4.5137e-7,1e-7,,0.112565787504884,0,0,-0.000478455120759285
332,4.8697001e-7,2.5192e-7,1.04e-7,,0.11452197726602,0,0,-0.000478455120759285
333,3.6444999e-7,1.4059999e-7,1.1814e-7,,0.116490408899833,0,0,-0.000478455120759285
334,2.7275999e-7,1.7265e-7,1.3421e-7,,0.118475466850506,0,0,-0.000478455120759285
335,2.0413999e-7,2.7652999e-7,1.5245e-7,,0.120478475637188,0,0,-0.000478455120759285
336,1.3678e-7,4.3879999e-7,1e-7,,0.122497699853997,0,0,-0.000478455120759285
337,9.1304997e-8,5.4314e-7,1e-7,,0.124528344170016,0,0,-0.000478455120759285
338,6.0947997e-8,6.7229001e-7,1e-7,,0.126562553329297,0,0,-0.000478455120759285
339,4.0684e-8,8.3215002e-7,1e-7,,0.128455542236888,0,0,-0.000478455120759285
340,2.7158e-8,7.2761998e-7,1e-7,,0.130391851403339,0,0,-0.000478455120759285
341,2.5931e-8,3.6773e-7,1e-7,,0.132610514473849,0,0,-0.000478455120759285
342,2.5074e-8,1.8583999e-7,1e-7,,0.135263871692918,0,0,-0.000478455120759285
343,2.4245001e-8,9.3921997e-8,1e-7,,0.138417569904357,0,0,-0.000478455120759285
344,2.3444001e-8,1.3155e-7,1.2705e-7,,0.142041305816905,0,0,-0.000478455120759285
345,2.2668999e-8,2.6359001e-7,1.6176e-7,,0.146040641001107,0,0,-0.000478455120759285
346,2.9548e-8,5.1421e-7,2.0597e-7,,0.150235705958051,0,0,-0.000478455120759285
347,3.8932999e-8,4.0894e-7,2.3084e-7,,0.154354517265812,0,0,-0.000478455120759285
348,5.1299001e-8,3.2521001e-7,1.8129001e-7,,0.158460093241952,0,0,-0.000478455120759285
349,6.7591998e-8,2.5863e-7,1.4237e-7,,0.162612120148907,0,0,-0.000478455120759285
350,8.9060997e-8,2.0081001e-7,1.1181e-7,,0.166770810289966,0,0,-0.000478455120759285
351,6.8779002e-8,1.5006999e-7,1.0333e-7,,0.170900578037263,0,0,-0.000478455120759285
352,5.2036999e-8,1.1215e-7,1.0982e-7,,0.174970039831777,0,0,-0.000478455120759285
353,3.9370001e-8,8.3808999e-8,1.1671e-7,,0.178972991434733,0,0,-0.000478455120759285
354,2.9785999e-8,1.0275e-7,1.2404e-7,,0.182918810977443,0,0,-0.000478455120759285
355,2.2536e-8,1.499e-7,1.5537999e-7,,0.1868527609034,0,0,-0.000478455120759285
356,2.2497e-8,2.1418001e-7,2.0208e-7,,0.190820102417772,0,0,-0.000478455120759285
357,2.2705001e-8,1.5950999e-7,2.6283001e-7,,0.194859432112446,0,0,-0.000478455120759285
358,2.2915e-8,1.1879e-7,3.3508999e-7,,0.198964817469222,0,0,-0.000478455120759285
359,9.1213003e-8,8.8466997e-8,3.5015e-7,,0.203113861152679,0,0,-0.000478455120759285
360,0.0000027486999,7.333e-8,3.6589e-7,,0.207266657873607,0,0,-0.000478455120759285
361,0.0000068803001,7.1967001e-8,3.8233e-7,,0.21138137619964,0.000514126778668453,0,-0.000478455120759285
362,0.0000044136,7.0629e-8,3.6617999e-7,,0.215439763916891,0.000531618153187755,0,-0.000478455120759285
363,0.0000038878002,6.9316002e-8,3.0236001e-7,,0.219436282701913,0.000528399564770521,0,-0.000478455120759285
364,0.0000071438999,1.4308e-7,2.4965999e-7,,0.223411772865796,0.000664755175586037,0,-0.000478455120759285
365,0.0000059509998,3.8144e-7,2.0614e-7,,0.22740623690183,0.000850223450235159,0,-0.000478455120759285
366,0.0000064249002,9.7555005e-7,1.4118e-7,,0.231458168021304,0.000749996135425621,0,-0.000478455120759285
367,0.0000096546,8.2154003e-7,1e-7,,0.235569327234318,0.000920059187374379,0,-0.000478455120759285
368,0.0000091817001,6.9184e-7,1e-7,,0.239705486445507,0.00107725456670833,0,-0.000478455120759285
369,0.0000080467998,5.8261998e-7,1e-7,,0.243868954962944,0.00119985866824498,0,-0.000478455120759285
370,0.000010703,4.7475001e-7,1e-7,,0.248108408092668,0.00122372286256112,0,-0.000478455120759285
371,0.0000081825001,3.6711e-7,1.1782e-7,,0.252439489739983,0.00141095081753381,0,-0.000478455120759285
372,0.0000096023005,2.8387001e-7,1.8509e-7,,0.256904906936295,0.00148666083035236,0,-0.000478455120759285
373,0.000010717,2.1951e-7,2.9078001e-7,,0.261504991021998,0.0015192793775424,0,-0.000478455120759285
374,0.000037895999,1.5048001e-7,4.5682e-7,,0.266205003966768,0.0017579108986262,0,-0.000478455120759285
375,0.00024868999,9.8790998e-8,4.5969e-7,,0.27097565410779,0.00200113957305283,0,-0.000478455120759285
376,0.00638000019999999,6.5731001e-8,3.5887001e-7,,0.275758961621222,0.00215440167594944,0,-0.000478455120759285
377,0.80760998,6.7374998e-8,2.8016001e-7,,0.28054564359846,0.00250751407112651,0,-0.000478455120759285
378,0.87111998,6.906e-8,2.1872e-7,,0.285371086298934,0.00295880264212131,0,-0.000478455120759285
379,0.90188003,7.0787003e-8,2.2002e-7,,0.290241099636874,0.0033895978706758,0,-0.000478455120759285
380,0.91123003,8.4581998e-8,2.2668e-7,,0.29510443055113,0.00421506395190863,1.35447209004269e-14,-0.000478455120759285
381,0.92078,1.2899e-7,2.3354001e-7,0.2518709897995,0.299917891798239,0.00553679623965952,0.000410000000000211,-0.000478455120759285
382,0.91986001,1.967e-7,2.2870999e-7,0.27726599574089,0.304646361952425,0.0070859876814775,0.00044000000000028,-0.000478455120759285
383,0.92883003,2.8657001e-7,1.8091001e-7,0.3094280064106,0.309326068024618,0.0092087616076244,0.000480000000000209,-0.000478455120759285
384,0.93458998,2.6596999e-7,1.4311e-7,0.33591499924659995,0.313943493236638,0.0122626530259966,0.000510000000000281,-0.000478455120759285
385,0.93322003,2.4686e-7,1.132e-7,0.34775999188423,0.318448492756359,0.0163317358727342,0.000550000000000352,-0.000478455120759285
386,0.94137001,2.0285999e-7,1.2947e-7,0.34266400337219,0.322829273737412,0.0221390701491604,0.000600000000000493,-0.000478455120759285
387,0.94862002,1.3747e-7,2.2403e-7,0.33263701200484996,0.327089161166129,0.030083748678384,0.000670000000000563,-0.000478455120759285
388,0.94793999,9.3159002e-8,3.8766001e-7,0.32455798983573997,0.331188186220292,0.0404545508484109,0.00075000000000042,-0.000478455120759285
389,0.94709003,6.9785003e-8,6.7079998e-7,0.34542098641396,0.335182597742767,0.0541054874375773,0.00081000000000022,-0.000478455120759285
390,0.93979001,5.4765e-8,7.0729999e-7,0.37540900707245,0.339154140138372,0.0708744993712642,0.00085000000000017,-0.000478455120759285
391,0.94805998,3.7665998e-8,6.3338001e-7,0.37700399756432007,0.343197983481915,0.0917669650306063,0.000879999999999971,-0.000478455120759285
392,0.96306002,1.9794999e-8,5.6718e-7,0.37539100646973,0.347326500254528,0.117157073061193,0.000879999999999919,-0.000478455120759285
393,0.95462,1.0403e-8,6.1514999e-7,0.38817599415778997,0.351480757071983,0.147963142814982,0.000869999999999767,-0.000478455120759285
394,0.96822,7.8857001e-9,3.7012001e-7,0.38695400953292997,0.355722235019626,0.184683489349471,0.000839999999999789,-0.000478455120759285
395,0.95656002,7.6306996e-9,2.227e-7,0.36350399255753,0.360078032063253,0.228179285445339,0.00080999999999979,-0.000478455120759285
396,0.96653998,7.3840001e-9,1.3399e-7,0.29679900407790993,0.364539604677228,0.280514119463756,0.000779999999999628,-0.000478455120759285
397,0.95109999,7.2423001e-9,1e-7,0.22145999968052,0.369100355560748,0.342310144937951,0.000729999999999488,-0.000478455120759285
398,0.96961999,9.0413996e-9,1e-7,0.21173499524592998,0.373803047246154,0.414451783089557,0.000659999999999189,-0.000478455120759285
399,0.96934998,1.1287e-8,1e-7,0.25502699613571,0.378648344558664,0.497269023377939,0.000549999999999551,-0.000478455120759285
400,0.95380002,1.4091e-8,1e-7,0.26953199505805997,0.383598655036545,0.588748530224642,0.000479999999999906,0.000119860680280415
401,0.97095001,1.7592001e-8,1e-7,0.16823400557041002,0.38860650742059,0.683122524072644,0.0004599999999997,0.000110040243047116
402,0.96104997,2.1928001e-8,1e-7,0.07176510244607902,0.393700776905064,0.775792671644659,0.000419999999999716,0.000378473621639175
403,0.97143,2.6537e-8,1e-7,0.029163500294089,0.398831164262867,0.859685066411856,0.00038000000000004,0.0000406784825347228
404,0.95937997,3.2115e-8,1e-7,0.013410699553788,0.403940721251229,0.927333007590001,0.00038,0.000402622989922233
405,0.97658002,3.8863998e-8,1e-7,0.0069019198417664,0.408969805494752,0.975248773052895,0.000379999999999919,0.000370752970603405
406,0.96561003,4.7032e-8,1e-7,0.00427125999704,0.413944480864154,0.997673168978896,0.00037000000000001,0.000216458853930998
407,0.95618999,5.6200001e-8,1e-7,0.0023097000084817,0.418859301183146,0.993657938464403,0.000370000000000242,0.000317919035750534
408,0.96244001,5.1625001e-8,1e-7,0.0018154400167987,0.423773548344156,0.961969980178356,0.000400000000000181,0.000643167002016762
409,0.96096998,4.7423001e-8,1e-7,0.0014707699883729,0.428742607295162,0.907032268143205,0.000430000000000182,0.000433724168100356
410,0.97359002,4.3562e-8,1e-7,0.00080818898277357,0.433790977103647,0.831314440294982,0.00046000000000021,0.000501288623598578
411,0.96390003,4.0016001e-8,1e-7,0.0009056520066224,0.438923601962622,0.745272523465111,0.000490000000000119,0.000115506070672122
412,0.97663999,3.6229999e-8,1e-7,0.00068611797178164,0.444151647829079,0.655417824609984,0.000510000000000496,-0.000177918970155788
413,0.9745,2.4455e-8,1e-7,0.00046710000606254003,0.449378504169374,0.569817136661797,0.000570000000000861,0.000290305851207096
414,0.96478999,1.6508e-8,1e-7,0.00072811701102182,0.45451788588878,0.491121142010986,0.00068000000000068,0.00056682432961358
415,0.97206998,1.1143e-8,1e-7,0.00054584897588938,0.45950876489103,0.423709412962868,0.000780000000000697,0.00016604086719671
416,0.97446001,7.5213e-9,1e-7,0.00064005301101133,0.464350487489728,0.367099088906244,0.000880000000000693,0.000366230991273864
417,0.96920002,5.2414002e-9,1e-7,0.00084321800386533,0.469070454465408,0.319309106310453,0.000980000000000696,0.000304070057547567
418,0.96785003,6.7830999e-9,1e-7,0.00083186000119895,0.47375404661078,0.279788317039568,0.00108000000000079,0.000571147495603913
419,0.97047001,8.7784002e-9,1e-7,0.0012145199580118,0.478494352558468,0.245147457155523,0.00119000000000112,0.000566569528272054
420,0.96498001,1.136e-8,1e-7,0.0014918800443411,0.483358566241003,0.213922879820318,0.00134000000000166,0.000508292075534378
421,0.90876001,1.4702e-8,1e-7,0.0017913699848577,0.488330798983775,0.185878680860894,0.00156000000000198,0.000200559156278368
422,0.95014,1.9221e-8,1e-7,0.0025655899662524,0.493365923692366,0.159937720199292,0.00183000000000215,0.0000141692068461874
423,0.85712999,3.1022999e-8,1e-7,0.0033496299292892,0.498396920754085,0.137137927583913,0.00213000000000399,0.000267784128373465
424,0.69454002,5.0072e-8,1e-7,0.0049284100532532,0.503354858868649,0.116831663784893,0.00264000000000486,0.0000885599759015698
425,0.00137,8.0816001e-8,1e-7,0.0071773598901927,0.508218403875657,0.0996323020599696,0.00335000000000485,-0.000307153393710874
426,0.0000010185,1.3044e-7,1e-7,0.010847800411284,0.512989952040774,0.0851994570612993,0.00413000000000563,0.000479278417761589
427,1.6518e-7,1.7649e-7,1e-7,0.017832899466156998,0.517719456856777,0.0733077315314441,0.00502000000000624,0.000242212403474107
428,9.9593997e-8,1.6358e-7,1e-7,0.030122000724077003,0.522460685610003,0.0635172422651333,0.00602000000000902,0.000485137034853839
429,3.1938999e-8,1.5162e-7,1e-7,0.049169100821018,0.527271219380354,0.0551836552112599,0.00722000000001199,0.000548565974787668
430,3.1456e-8,1.4053001e-7,1e-7,0.09091229736805,0.532169173586455,0.0482639535712042,0.00878000000001278,0.00101327364539297
431,3.1094999e-8,1.5913e-7,1e-7,0.17201900482177998,0.537152803755247,0.0420841514370465,0.0105400000000114,0.000267229569996058
432,8.0485997e-8,1.9079e-7,1e-7,0.30344301462172996,0.542091768465603,0.0368956088306587,0.0122100000000145,0.000660188482306812
433,1.1514e-7,2.2875e-7,1e-7,0.4283429980278,0.54688257288306,0.0323958901189936,0.0141700000000178,0.000658809555303647
434,4.6053e-8,2.3870999e-7,1e-7,0.49474200606346,0.551451874185594,0.0285001921793664,0.0165100000000191,0.00074850548231109
435,2.9795e-8,2.1833e-7,1e-7,0.53393602371216,0.555836887049942,0.0247282501763193,0.0191500000000207,0.000774740599950394
436,2.9291e-8,7.8309e-8,1e-7,0.61282098293304,0.560041904334873,0.021446265306803,0.021970000000026,0.000769444052872006
437,2.9024999e-8,8.9011003e-8,1e-7,0.7316899895668,0.56407907879319,0.0185118055923335,0.0254600000000307,0.00074428468497767
438,2.402e-7,7.8428002e-8,1e-7,0.77966600656509,0.568015820935752,0.0157466842527583,0.0296100000000319,0.000788090407205275
439,2.7508e-7,1.4132e-7,1e-7,0.75639098882675,0.57189636808079,0.0135599237737732,0.034050000000037,0.000957185702788382
440,2.8214001e-7,2.1133e-7,1e-7,0.73920702934265,0.575674454916822,0.0116957838321687,0.0391200000000511,0.000936307438354295
441,2.7644001e-7,2.1736e-7,1e-7,0.7471129894256601,0.57938469487207,0.0100740309640182,0.0457300000000518,0.000856660308093338
442,2.7086e-7,8.8038e-8,1e-7,0.7737979888915999,0.583032761895251,0.00871993481293731,0.05353000000005,0.000653228552480511
443,2.6539001e-7,3.5351999e-7,1e-7,0.8008199930191,0.586653390535006,0.00756226578895158,0.061640000000061,0.000940510383672155
444,2.2099e-7,1.4234e-7,1e-7,0.83668398857117,0.590233304623183,0.00644794547571592,0.0709700000000701,0.000627529169332994
445,1.7703e-7,2.4472999e-7,1e-7,0.87210601568222,0.593753735946976,0.0055713758320291,0.0818400000000929,0.00129040345250642
446,1.4182e-7,5.9988997e-7,1e-7,0.89847600460052,0.597221199065279,0.0047983470236293,0.0941900000001059,0.00121585971237884
447,1.1361e-7,0.0000011681,1e-7,0.9139230251312299,0.600648378313686,0.00414033178145612,0.108270000000104,0.00136589390820784
448,9.1015998e-8,0.0000055300002,1e-7,0.9209470152854901,0.604068371505917,0.00361566090990204,0.122690000000108,0.00136784018975467
449,7.9288e-8,0.000029426999,1e-7,0.9229360222816501,0.607514666850395,0.00312345704542752,0.13766000000015,0.00153771071475945
450,7.0487999e-8,0.00018110999,1e-7,0.92180299758911,0.610972332259796,0.00262688861750171,0.156610000000169,0.00141360776136323
451,6.2665002e-8,0.0014600001,1e-7,0.9199990034103399,0.614442713251507,0.0023696241040492,0.17875000000015,0.00216023718634317
452,5.571e-8,0.01528,1e-7,0.9182940125465401,0.617924978376897,0.00203250084728106,0.200210000000174,0.00190747809541936
453,4.9526999e-8,0.23378,1e-7,0.9155719876289399,0.621417545082732,0.00185586615874747,0.223830000000207,0.00202551107254208
454,5.1527e-8,0.92426997,1e-7,0.91445702314377,0.62491371145818,0.00162589102287646,0.251260000000231,0.00230770411638992
455,5.5701001e-8,0.98227,1e-7,0.9152380228042599,0.628402984526624,0.00142765441071372,0.282250000000261,0.00260359966830188
456,6.0215001e-8,0.98199999,1e-7,0.91543000936508,0.631886454354697,0.00121905000041456,0.31720000000027,0.00290976918915639
457,6.5092998e-8,0.98071998,1e-7,0.91675597429276,0.635363707005549,0.00106846395700856,0.354370000000284,0.00329295184631917
458,7.0368003e-8,0.98746002,1e-7,0.9165440201759301,0.638834877230582,0.000878857416635154,0.393690000000309,0.00369483189676949
459,6.1565999e-8,0.98584002,1e-7,0.9168409705162,0.64230286327545,0.000698851040915867,0.435860000000332,0.00383138923002929
460,5.1207e-8,0.98628998,1e-7,0.9169909954071,0.645770081404919,0.000630999839870139,0.481400000000388,0.00465148015922669
461,4.2591999e-8,0.98334998,1e-7,0.9156870245933499,0.649233110471407,0,0.532830000000338,0.00464749666053044
462,3.5426002e-8,0.98611999,1e-7,0.91479498147964,0.652687313342034,0,0.586610000000313,0.00579276600192047
463,2.9465999e-8,0.98790997,1e-7,0.91313499212265,0.656129362496937,0,0.639450000000377,0.00649104584927201
464,3.0106001e-8,0.98742002,1e-7,0.9135069847106899,0.659558967154764,0,0.692870000000415,0.00725577537266098
465,3.2269998e-8,0.98475999,1e-7,0.9111250042915301,0.662978603291277,0,0.749580000000329,0.00819088770428023
466,3.4589e-8,0.98622,1e-7,0.9033759832382199,0.666396097890916,0,0.800960000000295,0.00907977182254982
467,3.7075999e-8,0.98945999,1e-7,0.8859630227088899,0.669809076202889,0,0.846740000000281,0.0105681103167555
468,3.9741e-8,0.98768002,1e-7,0.85306400060654,0.673214617455918,0,0.889010000000241,0.0115745228118443
469,4.0096001e-8,0.98286003,1e-7,0.79957401752472,0.676606293943058,0,0.926480000000174,0.0130476244025786
470,3.9873999e-8,0.98000002,1e-7,0.7233899831771899,0.67998311581132,0,0.956690000000119,0.0152397628995399
471,3.9652999e-8,0.98641002,1e-7,0.6294090151786801,0.68334663474619,0,0.979130000000059,0.0170983874208015
472,3.9433001e-8,0.98588997,1e-7,0.53922802209854,0.686827361300701,0,0.993470000000003,0.0194971590512432
473,3.9214001e-8,0.98052001,1.0007e-7,0.44433099031448,0.690242440795354,0,0.999709999999946,0.0221532280092367
474,3.6926998e-8,0.97460997,1.1158e-7,0.35961499810219,0.693413355152627,0,0.997769999999891,0.025476172339727
475,3.4311999e-8,0.97786999,1.2442e-7,0.28933098912239,0.696219813608738,0,0.987879999999834,0.0281096709587838
476,3.1881001e-8,0.98157001,1.3874001e-7,0.23374800384045002,0.698616569580675,0,0.9699099999998,0.0321035360426487
477,2.9622999e-8,0.96986002,1.5470999e-7,0.1906830072403,0.700628673359522,0,0.944349999999757,0.0373711581120424
478,2.7524999e-8,0.95670003,1.7242e-7,0.15767599642277,0.702351472110457,0,0.911399999999716,0.0428717997452304
479,2.4505001e-8,0.97924,1.7841e-7,0.13480900228024,0.703950609872751,0,0.8711999999997,0.0481353459669749
480,2.1589999e-8,0.97323,1.846e-7,0.11627600342035001,0.70566202755977,0,0.825949999999647,0.054750932568898
481,1.9022e-8,0.92443001,1.9101e-7,0.10203699767589999,0.707394651353313,0,0.777989999999637,0.062946483991817
482,1.676e-8,0.94687998,1.9764001e-7,0.09171839803457302,0.709134407330196,0,0.728109999999617,0.0706552621369863
483,1.4767e-8,0.94505,2.0448999e-7,0.08396259695291498,0.710871538910611,0,0.675309999999644,0.0804127584270429
484,1.6517999e-8,0.94884998,2.0986e-7,0.07933700084686299,0.712594004746064,0,0.623469999999646,0.0906553430635499
485,1.9578e-8,0.64861,2.1538e-7,0.075552999973297,0.714294174238423,0,0.572479999999697,0.102976264940819
486,2.3205001e-8,0.0094100004,2.2104e-7,0.073511600494385,0.715968827539921,0,0.525379999999721,0.115147719459402
487,2.7503001e-8,0.000099334997,2.2685001e-7,0.07317099720239599,0.717619155553158,0,0.482099999999733,0.129259008530383
488,3.2597001e-8,0.0000041438002,2.3264001e-7,0.074273601174355,0.719250759931096,0,0.44166999999976,0.145512137041045
489,2.9869e-8,4.7189999e-7,2.2044e-7,0.076483599841595,0.720873653077064,0,0.404319999999782,0.161724652018981
490,2.5735e-8,2.167e-7,2.0888e-7,0.080377496778965,0.722502258144754,0,0.370549999999803,0.180628264214956
491,2.2174e-8,1.3181e-7,1.9792e-7,0.086193397641182,0.72413299360487,0,0.339949999999831,0.200009099444463
492,1.9105e-8,7.9311e-8,1.8754e-7,0.09452400356531099,0.725767106841334,0,0.312859999999832,0.222385788773565
493,1.8673999e-8,1.4349e-7,1.7767999e-7,0.1054780036211,0.727400497013911,0,0.287649999999843,0.245343504615319
494,2.0037e-8,1.1473e-7,1.6625999e-7,0.11940100044011999,0.729026594981931,0,0.26387999999986,0.270876676032747
495,2.1499e-8,2.1415e-8,1.5557001e-7,0.1380500048399,0.730641168063463,0,0.242199999999896,0.296877656504055
496,2.2961e-8,7.1731002e-8,1.4557e-7,0.16276699304581,0.732242320035324,0,0.222499999999894,0.325094998789568
497,2.2229001e-8,5.7800001e-8,1.3621001e-7,0.19329500198364,0.733830491133068,0,0.2036099999999,0.353220185412514
498,2.152e-8,1.6388999e-7,1.2767001e-7,0.22865100204945002,0.735408458050994,0,0.185839999999901,0.382643849552435
499,2.7805999e-8,2.0755e-7,1.4686999e-7,0.27857199311256,0.736981333942144,0,0.169949999999906,0.414582323519355
500,7.5208e-8,1.4450001e-7,1.6895e-7,0.33912700414658004,0.738556568418301,0,0.155219999999908,0.446532483143415
501,1.591e-7,1.0061e-7,1.9436e-7,0.41048198938370006,0.740133331681469,0,0.141249999999915,0.481946230309266
502,1.6103e-7,7.1301997e-8,1.8750001e-7,0.49225899577140997,0.741738147946141,0,0.128209999999923,0.515543318253224
503,1.6298e-7,7.1777002e-8,1.4936001e-7,0.5809779763221701,0.743342244525358,0,0.116059999999933,0.548598207568759
504,1.6496e-7,7.2256e-8,1e-7,0.65803200006485,0.744882254462843,0,0.105159999999942,0.585688425290538
505,1.5062e-7,7.2737997e-8,1.5307e-7,0.7488170266151399,0.746316732381872,0,0.0955199999999463,0.621742951639696
506,1.2651e-7,7.3222999e-8,1.1735e-7,0.8305000066757199,0.747626154485267,0,0.086809999999951,0.653978143490757
507,1.0626e-7,7.3651002e-8,1e-7,0.87847900390625,0.748812918555399,0,0.0789699999999565,0.691319815440334
508,8.9244999e-8,7.3526003e-8,1e-7,0.88671499490738,0.749901343954188,0,0.0719499999999611,0.726016849363241
509,8.8533e-8,7.3400003e-8,1.2357999e-7,0.86638802289963,0.750937671623101,0,0.065649999999966,0.759646297457765
510,9.0321997e-8,7.3274997e-8,1.2683e-7,0.8317530155181899,0.751990064083154,0,0.0600499999999689,0.792501094331936
511,9.2146998e-8,7.3149998e-8,1.6461e-7,0.79557102918625,0.753060438858754,0,0.0550099999999736,0.824849694006293
512,9.3650002e-8,7.1705003e-8,3.7914e-7,0.7679139971733101,0.754130813634355,0,0.0505699999999787,0.855156876203646
513,9.3319997e-8,6.3117e-8,1.3248e-7,0.7510939836502099,0.755208340120377,0,0.046509999999981,0.885468748165946
514,9.2992003e-8,5.5558999e-8,1e-7,0.7434399724006701,0.756283110074836,0,0.0428099999999809,0.911765094495276
515,9.2664003e-8,4.8905001e-8,2.2866e-7,0.7450259923934899,0.757343257431111,0,0.0393299999999828,0.936213517166207
516,8.9106997e-8,4.3048999e-8,3.4499001e-7,0.75356602668762,0.758381279449156,0,0.0360899999999815,0.954954587654058
517,8.2313001e-8,3.9679001e-8,0.0000018521,0.7705209851265,0.7593940367155,0,0.0331399999999824,0.962197626818186
518,7.6037999e-8,4.2084e-8,0.000096051001,0.79195499420166,0.760382753143248,0,0.0303899999999826,0.96821716882786
519,7.0241001e-8,4.4634e-8,0.027039999,0.8159880042076101,0.76135301597208,0,0.0277899999999847,0.977789545402123
520,7.0555998e-8,4.7339999e-8,0.88554001,0.8401420116424599,0.762314775768248,0,0.0253999999999868,0.986441656206098
521,7.2566998e-8,5.0209e-8,0.94161999,0.8620139956474301,0.763282346424582,0,0.0232499999999873,0.988216509087316
522,7.4635999e-8,5.0450002e-8,0.97281998,0.8775089979171801,0.764251928356302,0,0.0212699999999888,0.995059616275225
523,7.6043001e-8,4.5829999e-8,0.97814,0.89050298929214,0.765221510288021,0,0.0194799999999901,0.998804406751868
524,7.0595e-8,4.1633001e-8,0.97828001,0.89673602581024,0.766199865804771,0,0.0178699999999912,0.999999999999994
525,6.5537002e-8,3.7820001e-8,0.98365998,0.89749902486801,0.767172769642654,0,0.0164299999999925,0.997298134945729
526,6.0841998e-8,3.4357001e-8,0.97538,0.8945389986038199,0.768129114761219,0,0.0151599999999928,0.991233754688746
527,5.6000999e-8,3.0572998e-8,0.97204,0.88903898000717,0.76906216124518,0,0.0140099999999932,0.980797695669789
528,5.0901999e-8,2.652e-8,0.97087997,0.8843680024146999,0.769969536304422,0,0.012959999999994,0.967898472768672
529,4.6267999e-8,2.3005001e-8,0.97771001,0.8798670172691301,0.770853234273994,0,0.0119999999999948,0.950378213271013
530,4.2054999e-8,1.9954999e-8,0.97504002,0.8775439858436601,0.771719616614113,0,0.0111399999999957,0.933287195982057
531,4.3105e-8,1.7310001e-8,0.97724998,0.8769230246543901,0.772579411910164,0,0.0103399999999962,0.909852535392028
532,4.6273001e-8,1.8022e-8,0.98378003,0.8789719939231899,0.7734477158727,0,0.00960999999999607,0.884123597665591
533,4.9674e-8,2.1851999e-8,0.98615003,0.88495302200317,0.774316417213055,0,0.00890999999999575,0.858055049271492
534,5.3309002e-8,2.6496e-8,0.98439002,0.89289301633835,0.77518744023953,0,0.00824999999999515,0.829649749204318
535,5.6828e-8,3.2126e-8,0.97983998,0.90073400735855,0.776071429801601,0,0.00757999999999559,0.800666793220532
536,6.0578998e-8,3.8953999e-8,0.97975999,0.9091129899025001,0.776941431443319,0,0.00692999999999616,0.76908632930666
537,6.4578003e-8,4.0780002e-8,0.96145999,0.9176589846611,0.777778507857524,0,0.00632999999999628,0.738878287634556
538,6.5031003e-8,3.9418001e-8,0.94840002,0.92601698637009,0.778571738885848,0,0.0057599999999966,0.710929241746449
539,5.9184998e-8,3.8101e-8,0.94735003,0.9290080070495601,0.779318221518712,0,0.00522999999999713,0.67852865529747
540,5.3863999e-8,3.6829e-8,0.96205002,0.9295960068702701,0.780023069895331,0,0.00474999999999745,0.649307035667356
541,4.9021001e-8,3.5597999e-8,0.96366,0.9245089888572701,0.780699415303711,0,0.00431999999999844,0.619603265980007
542,4.3208999e-8,3.4951999e-8,0.95823997,0.91701602935791,0.781368406180647,0,0.00397999999999873,0.588979118322294
543,3.7525002e-8,3.4496001e-8,0.89192998,0.9079179763793901,0.782051911383926,0,0.00370999999999794,0.560644675635526
544,2.6882001e-8,3.4045001e-8,0.055369999,0.89810800552368,0.782735416587205,0,0.00342999999999868,0.531538431466641
545,2.8211e-8,3.3601001e-8,0.00141,0.88845199346542,0.783417915859806,0,0.00318999999999893,0.501782478063168
546,2.9605999e-8,3.3161999e-8,0.00010076,0.87964999675751,0.784099028277386,0,0.00298999999999923,0.474666942123624
547,3.1069e-8,3.1677999e-8,0.000011224,0.87228298187256,0.784783380502254,0,0.00282999999999921,0.447074435134214
548,3.0944001e-8,3.0083001e-8,0.0000024372,0.86787098646164,0.785474140431887,0,0.00268999999999851,0.421821995725546
549,3.0003001e-8,2.8568e-8,6.2909999e-7,0.8658069968223601,0.786173017198928,0,0.00250999999999826,0.397088642926178
550,2.909e-8,2.713e-8,2.9008999e-7,0.86726701259613,0.786880261171183,0,0.0022899999999979,0.372952976213707
551,2.8204999e-8,2.5764001e-8,1.036e-7,0.87205600738525,0.787594663951629,0,0.00201999999999775,0.34846569407075
552,2.7427999e-8,2.6424001e-8,1.1967001e-7,0.8802289962768599,0.788313558378406,0,0.00172999999999762,0.326482763241557
553,2.6675e-8,2.7225999e-8,1.1437e-7,0.8929640054702801,0.789032818524821,0,0.00141999999999817,0.306321964682079
554,2.5943001e-8,2.8051e-8,1.0633e-7,0.9023060202598601,0.789750021195762,0,0.00112999999999847,0.287261273656185
555,2.7237e-8,2.8902001e-8,1e-7,0.91457802057266,0.790467223866703,0,0.000869999999998844,0.268949476271297
556,3.4951e-8,2.9673e-8,1e-7,0.9209110140800499,0.79120744746137,0,0.000649999999998943,0.251290504833737
557,4.4850999e-8,2.8262001e-8,1.0185e-7,0.92286497354507,0.791953813529884,0,0.000459999999999683,0.234469830245079
558,5.7554999e-8,2.6918e-8,1e-7,0.91783601045609,0.792643099950116,0,0.000329999999999768,0.219648562746865
559,4.9699e-8,2.5638e-8,1e-7,0.9049299955368,0.793233280161869,0,0.000240000000000209,0.204633768303531
560,3.2439001e-8,2.4419e-8,1.0531e-7,0.88271301984787,0.793703523166876,0,0.00020000000000006,0.190565254726529
561,2.1173999e-8,2.3771999e-8,1.154e-7,0.8535469770431501,0.794054193528802,0,0.000180000000000199,0.178469226382295
562,1.382e-8,2.6297e-8,1.1726e-7,0.81796902418137,0.794306851373244,0,0.00018000000000051,0.167429707319369
563,1.5605e-8,2.9092e-8,1.1915e-7,0.77849102020264,0.79450425238773,0,0.00021000000000021,0.155953267521586
564,1.8752999e-8,3.2182999e-8,1.2107e-7,0.7346209883689899,0.794710347821721,0,0.000240000000000549,0.145671406864472
565,2.2535e-8,3.5602e-8,1.1954999e-7,0.6871290206909201,0.794937933012042,0,0.00028999999999979,0.134949441403754
566,2.5934e-8,3.8509e-8,1.1479e-7,0.63135397434235,0.795165518202364,0,0.000309999999999779,0.125702604490904
567,2.5437e-8,3.8865998e-8,1.1022e-7,0.5779550075531,0.795399849314375,0,0.00031000000000017,0.117639805513223
568,2.4948999e-8,3.9225998e-8,1.0584e-7,0.52337700128555,0.795632172266337,0,0.000319999999999709,0.109393840228697
569,2.4470999e-8,3.9589001e-8,1.0162e-7,0.46990099549294,0.795850307663967,0,0.000309999999998846,0.101493908454717
570,2.9724999e-8,3.9955001e-8,1e-7,0.41714999079703996,0.796046473752398,0,0.000239999999999692,0.0951477040575286
571,4.368e-8,3.7507998e-8,1e-7,0.36762198805809004,0.796217286416171,0,0.000179999999999937,0.0886701147051929
572,6.4185997e-8,3.0707e-8,1e-7,0.3221569955349,0.796363759179242,0,0.00013999999999972,0.0824915438980054
573,9.4317997e-8,2.5139e-8,1e-7,0.28114899992943,0.796491303204979,0,0.0000999999999999023,0.0770985233792505
574,6.3489999e-8,2.0581e-8,1e-7,0.24158699810505,0.796609727296162,0,0.0000699999999996086,0.0712565587374914
575,3.7157999e-8,1.6849e-8,1e-7,0.21077400445938002,0.796733237894983,0,0.0000299999999999016,0.0660723256716862
576,2.1747001e-8,1.4923e-8,1e-7,0.1843080073595,0.79685923761488,0,3.29597460405907e-16,0.0617796087123264
577,1.3928e-8,1.458e-8,1e-7,0.16183599829674,0.796985237334778,0,0,0.056770933792186
578,1.3941e-8,1.4245e-8,1e-7,0.14302599430083998,0.797114158175264,0,0,0.0529357124472649
579,1.3953e-8,1.3918e-8,1e-7,0.12698300182819,0.797241289558688,0,0,0.0494545140179243
580,1.3966e-8,1.3598e-8,1.0502e-7,0.11359500139952,0.797362890699433,0,0,0.0459531093352257
581,1.8173999e-8,1.2933e-8,1.1162e-7,0.10298299789429,0.797476687039148,0,0,0.0424490401573523
582,3.1049002e-8,1.2029e-8,1.1863e-7,0.09327980130910901,0.797581870246742,0,0,0.0403913308907131
583,5.3042001e-8,1.1187e-8,1.2608e-7,0.083574302494526,0.797679098218389,0,0,0.0370305137382581
584,9.0615998e-8,1.0405e-8,1.34e-7,0.07651740312576301,0.797770495077524,0,0,0.0349752657235158
585,1e-7,9.6769996e-9,1.3233e-7,0.071137197315693,0.797859651174844,0,0,0.0321551288798474
586,1e-7,6.4586998e-9,1.2971e-7,0.06605669856071499,0.797951623088311,0,0,0.0305011903945075
587,1e-7,3.5997001e-9,1.2714e-7,0.061912000179290994,0.79804375295844,0,0,0.0286990319922109
588,1e-7,2.0063e-9,1.2462e-7,0.058340799063444,0.798140045556601,0,0,0.0262754029386973
589,1e-7,1.1182e-9,1.2236001e-7,0.05548290163278599,0.798254075603882,0,0,0.0249195316459209
590,1e-7,6.2323002e-10,1.5253001e-7,0.05286779999733,0.798346699803106,0,0,0.0230504016613473
591,1e-7,6.8000999e-10,1.9013e-7,0.051018301397562006,0.798390525013847,0,0,0.0214837063742769
592,1e-7,9.2595998e-10,2.3699999e-7,0.049510698765516004,0.798369908252426,0,0,0.020205796260345
593,1e-7,1.2609001e-9,2.9543e-7,0.04848669841885599,0.798280956691912,0,0,0.0183796857252879
594,1e-7,1.7169e-9,3.4992999e-7,0.04766989871859599,0.798131527662122,0,0,0.0172414546089767
595,1e-7,2.3379001e-9,2.6947001e-7,0.047158800065516995,0.797941228649623,0,0,0.0154263565213044
596,1e-7,1.8819e-9,2.0751e-7,0.04706989973783499,0.797741417297728,0,0,0.0148600403420081
597,1e-7,1.3815999e-9,1.598e-7,0.047353800386190005,0.797562118546973,0,0,0.0138206370008687
598,1e-7,1.0143e-9,1.2305e-7,0.047826398164034,0.797382819796219,0,0,0.0128640009848988
599,9.4256997e-8,7.4470002e-10,1e-7,0.048833500593901,0.797215338335123,0,0,0.0118937548054919
600,6.0620003e-8,5.4673999e-10,1e-7,0.050035499036312,0.797057543016472,0,0,0.0106490173455226
601,3.8987e-8,8.0718998e-10,1e-7,0.051597699522972,0.796866091745706,0,0,0.0101230496712259
602,2.5074e-8,1.2354e-9,1e-7,0.053461499512196,0.796611633678364,0,0,0.00867913363976425
603,1.9718e-8,1.8907e-9,1e-7,0.055984601378440996,0.796278809220088,0,0,0.00918329849916472
604,1.9470001e-8,2.8938001e-9,1e-7,0.059032201766967995,0.795866250026616,0,0,0.00850811979297382
605,1.9226e-8,4.3887001e-9,1e-7,0.062930598855019,0.795386579003791,0,0,0.00755110950205062
606,1.8984e-8,5.5324998e-9,1e-7,0.067363999783993,0.794866410307551,0,0,0.00685521790037937
607,1.7444e-8,6.9744002e-9,1e-7,0.072629898786545,0.794346349343936,0,0,0.0065593216425448
608,1.5753001e-8,8.7921999e-9,1e-7,0.07855480164289501,0.793843852715872,0,0,0.00628786410760074
609,1.1439e-8,1.1084e-8,1e-7,0.085961900651455,0.793341356087809,0,0,0.00572405751664873
610,1.3193e-8,1.2295e-8,1e-7,0.09378620237111998,0.792842897955651,0,0,0.0051580937487069
611,1.5215999e-8,6.3788002e-9,1e-7,0.10430999845266,0.792343905860427,0,0,0.00474399202397252
612,1.7549e-8,3.3092e-9,1e-7,0.11843399703502999,0.791835974789685,0,0,0.00491145440545979
613,1.9678e-8,1.7168e-9,1e-7,0.13344100117683,0.791313650618328,0,0,0.00433471750779402
614,2.1556e-8,8.9065999e-10,1e-7,0.15208700299263,0.790774430108613,0,0,0.00407270083407335
615,2.3613e-8,6.0508998e-10,1e-7,0.17074599862099,0.790218760910151,0,0,0.00358951074638823
616,2.5866999e-8,9.3122998e-10,1e-7,0.19542099535465,0.78965004155991,0,0,0.00407402079450006
617,3.5922e-8,1.4332e-9,1e-7,0.22514300048351002,0.789074621482208,0,0,0.00383583238475981
618,5.1718999e-8,2.2055999e-9,1e-7,0.26076000928879,0.788501800988721,0,0,0.00379027064164079
619,7.4463003e-8,3.3944001e-9,1e-7,0.30012300610542,0.787931138862772,0,0,0.00326164137597484
620,8.9158e-8,5.2239999e-9,1e-7,0.34547999501228005,0.787360476736823,0,0,0.00337053348782269
621,4.8891e-8,8.0396996e-9,1.2107e-7,0.39589300751686,0.786830556312951,0,0,0.00308404349658964
622,2.681e-8,5.7254002e-9,1.5352001e-7,0.45201399922371,0.786277776393442,0,0,0.00251047575102725
623,1.4702e-8,3.7426999e-9,1.9468e-7,0.51077002286911,0.785646465553545,0,0,0.00274027354180617
624,1.3166e-8,2.4466e-9,2.2206e-7,0.5728579759597799,0.784902401578586,0,0,0.00157663040012856
625,1.8678e-8,2.0438999e-9,2.2962e-7,0.6382930278778101,0.784032811463966,0,0,0.00230306092397067
626,2.6499e-8,2.4664999e-9,2.3743e-7,0.7053570151329001,0.78304637141516,0,0,0.002282689110609
627,3.7593999e-8,2.9764999e-9,2.4550999e-7,0.7790009975433299,0.781973206847718,0,0,0.00222740704734387
628,3.2100999e-8,3.5921e-9,2.4618001e-7,0.83196300268173,0.780864892387265,0,0,0.00172261943084779
629,2.4955e-8,4.3348001e-9,2.4547001e-7,0.86374497413635,0.779794451869502,0,0,0.00207249853084257
630,1.94e-8,3.9252002e-9,2.4476e-7,0.8723090291023299,0.77872831299082,0,0,0.00208499284058594
631,1.5434001e-8,2.5019999e-9,2.5103e-7,0.8547449707984901,0.777660759886168,0,0,0.00177122670107716
632,1.3715e-8,1.5948e-9,2.9425999e-7,0.8235129714012099,0.776587783092128,0,0,0.0016616428161111
633,1.2187e-8,1.0165e-9,3.4492999e-7,0.7841889858245799,0.775521677055548,0,0,0.00143900256500355
634,1.0829e-8,6.4795003e-10,4.0433e-7,0.7445729970931999,0.77447103111248,0,0,0.00144263334138234
635,1.3985e-8,5.0753002e-10,4.9605001e-7,0.70862197875977,0.773440729488179,0,0,0.0017902613037572
636,2.6052e-8,5.0834997e-10,6.3637998e-7,0.67807799577713,0.772431951297107,0,0,0.00114048365596572
637,4.8533e-8,5.0916998e-10,8.1641002e-7,0.65336799621582,0.771442170542926,0,0,0.00111019136684043
638,9.0413003e-8,5.0998999e-10,0.0000010474,0.6373860239982599,0.770465156118503,0,0,0.00130850320563652
639,7.5400003e-8,5.0889998e-10,0.0000012132,0.62567800283432,0.769490971805912,0,0,0.000990737218692056
640,5.3830998e-8,5.0731003e-10,0.0000013779,0.6192579865455601,0.768510420986618,0,0,0.00111672252918979
641,3.8431999e-8,5.0573001e-10,0.0000015649,0.6179559826850899,0.767529870167325,0,0,0.0009644639697938
642,3.0852998e-8,5.0426002e-10,0.0000017588,0.62242197990417,0.766554982769106,0,0,0.00114607374147901
643,4.3223e-8,5.0353e-10,0.0000018795999,0.62881302833557,0.765583108067341,0,4.40619762898109e-16,0.00090798369873718
644,6.0552999e-8,5.0280002e-10,0.0000020087,0.6413369774818399,0.764596190043247,0,0.00002000000000036,0.00103162184216202
645,8.4829999e-8,5.0207e-10,0.0000021466999,0.65995001792908,0.763582102074028,0,0.0000499999999988843,0.001025135116484
646,1e-7,5.0095e-10,0.0000022250999,0.68009102344513,0.762534646932879,0,0.0000200000000000096,0.000684663234319732
647,1e-7,4.9941001e-10,0.0000022393001,0.70243901014328,0.761453556788982,0,2.98372437835093e-16,0.000694747805952134
648,1e-7,4.9785998e-10,0.0000022536999,0.72821098566055,0.760344493207509,0,0,0.000745234776411086
649,1e-7,4.9632998e-10,0.0000022680999,0.75529801845551,0.759219047149623,0,0,0.00102464600333052
650,1e-7,4.9587001e-10,0.0000023009,0.78934901952744,0.758094738972474,0,0,0.00111317336176655
651,1e-7,4.9567001e-10,0.0000023376999,0.8155130147934,0.75697721910583,0,0,0.00111317336176655
652,1e-7,4.9546001e-10,0.0000023749001,0.84220200777054,0.755859699239185,0,0,0.00111317336176655
653,1e-7,4.9558002e-10,0.0000023831001,0.86292499303818,0.754744468423544,0,0,0.00111317336176655
654,1e-7,4.9746002e-10,0.0000022674999,0.88173997402191,0.753628538573815,0,0,0.00111317336176655
655,1e-7,4.9934001e-10,0.0000021574999,0.89587199687958,0.752507806296087,0,0,0.00111317336176655
656,1e-7,5.0122001e-10,0.0000020528,0.9004909992218001,0.751379652030224,0,0,0.00111317336176655
657,1e-7,5.0252003e-10,0.0000019263,0.9027550220489499,0.750242940049858,0,0,0.00111317336176655
658,1e-7,5.0323001e-10,0.0000017856,0.8956959843635601,0.74909801846239,0,0,0.00111317336176655
659,1e-7,5.0394e-10,0.0000016552,0.8877620100974999,0.747946719208994,0,0,0.00111317336176655
660,1e-7,5.0464999e-10,0.0000015343001,0.87190800905228,0.746792358064614,0,0,0.00111317336176655
661,7.4488e-8,5.0655002e-10,0.0000017015,0.8543769717216501,0.745639734637961,0,0,0.00111317336176655
662,5.3339999e-8,5.0865001e-10,0.0000019349,0.84025901556015,0.744487938211222,0,0,0.00111317336176655
663,3.8197001e-8,5.1076998e-10,0.0000022004001,0.82438999414444,0.743336697933655,0,0,0.00111317336176655
664,2.7942001e-8,5.1236998e-10,0.0000023906,0.80965501070023,0.742219074167593,0,0,0.00111317336176655
665,2.1952999e-8,5.1190002e-10,0.0000022171,0.7961540222168,0.741077759367991,0,0,0.00111317336176655
666,1.7248e-8,5.1143001e-10,0.0000020561999,0.78209602832794,0.739871895240653,0,0,0.00111317336176655
667,1.3551e-8,5.1096e-10,0.000001907,0.7732800245285,0.738577072742239,0,0,0.00111317336176655
668,1.7097999e-8,5.1171001e-10,0.0000018369,0.76589298248291,0.737185332080262,0,0,0.00111317336176655
669,3.0401001e-8,5.1345e-10,0.00000182,0.76157802343369,0.735705162713087,0,0,0.00111317336176655
670,5.4053e-8,5.1519e-10,0.0000018033001,0.76092499494553,0.734161503349931,0,0,0.00111317336176655
671,9.6107001e-8,5.1693e-10,0.0000017868,0.7626630067825301,0.732595741950867,0,0,0.00111317336176655
672,8.1506997e-8,5.1715998e-10,0.0000018911001,0.7664120197296099,0.731063967829423,0,0,0.00111317336176655
673,6.5434001e-8,5.1722998e-10,0.0000020124,0.77362102270126,0.729601138429163,0,0,0.00111317336176655
674,1.2043e-7,5.1402999e-10,0.0000021681999,0.7812590003013601,0.728105011862422,0,0,0.00111317336176655
675,1.2664e-7,5.1347998e-10,0.0000018817,0.7919049859046898,0.72647240111188,0,0,0.00111317336176655
676,1.3316e-7,5.1294002e-10,0.0000016331001,0.8028579950332599,0.72463898139934,0,0,0.00111317336176655
677,1.4002001e-7,5.1240001e-10,0.0000014173,0.8186399936676,0.72257929018573,0,0,0.00111317336176655
678,1.4259e-7,5.1202997e-10,0.0000012706,0.83524197340012,0.720306727171097,0,0,0.00111317336176655
679,1.3915999e-7,5.1193999e-10,0.0000011876,0.8501070141792301,0.717873554294616,0,0,0.00111317336176655
680,1.3581e-7,5.1186e-10,0.00000111,0.86630398035049,0.715372337907043,0,0,0.00111317336176655
681,1.3253999e-7,5.1178001e-10,0.0000010376,0.8812689781189,0.712935399195097,0,0,0.00111317336176655
682,1.307e-7,5.1218002e-10,0.0000010668,0.89662498235703,0.710505289217132,0,0,0.00111317336176655
683,1.2928e-7,5.1276999e-10,0.0000011281001,0.90876001119614,0.708062670928429,0,0,0.00111317336176655
684,1.2788e-7,5.1337001e-10,0.0000011928,0.91672497987747,0.705603816390259,0,0,0.00111317336176655
685,1.268e-7,5.1396998e-10,0.0000012708,0.92303097248077,0.703127940788907,0,0,0.00111317336176655
686,1.2833e-7,5.1462001e-10,0.0000014374,0.92519897222519,0.700637202435669,0,0,0.00111317336176655
687,1.2989e-7,5.1527999e-10,0.000001626,0.92160499095917,0.698136702766855,0,0,0.00111317336176655
688,1.3146e-7,5.1594001e-10,0.0000018392,0.91718500852585,0.69563641694435,0,0,0.00111317336176655
689,1.3461e-7,5.1687998e-10,0.0000018134,0.9078930020332299,0.693140744764146,0,0,0.00111317336176655
690,1.3987e-7,5.1824001e-10,0.0000015128001,0.8966659903526301,0.690640712303387,0,0,0.00111317336176655
691,1.4533001e-7,5.1961002e-10,0.000001262,0.8835669755935699,0.688133556848254,0,0,0.00111317336176655
692,1.5099999e-7,5.2097998e-10,0.0000010528,0.86660301685333,0.685617988503892,0,0,0.00111317336176655
693,1.5713e-7,5.2312998e-10,0.0000011314,0.8512269854545601,0.683094190194419,0,0,0.00111317336176655
694,1.6358e-7,5.2554999e-10,0.0000012989,0.83583801984787,0.680563817662919,0,0,0.00111317336176655
695,1.7028999e-7,5.2798999e-10,0.0000014912,0.81923800706863,0.678029546455268,0,0,0.00111317336176655
696,1.7591999e-7,5.3034999e-10,0.000001582,0.80610501766205,0.675469393592258,0,0,0.00111317336176655
697,1.729e-7,5.3180998e-10,0.0000010207,0.79357802867889,0.672929470622399,0,0,0.00111317336176655
698,1.6993e-7,5.3327998e-10,6.5860002e-7,0.78174901008606,0.670441485698907,0,0,0.00111317336176655
699,1.6702e-7,5.3475002e-10,4.2492999e-7,0.77144598960876,0.668025074816482,0,0,0.00111317336176655
700,1.6716e-7,8.4663998e-10,3.2015001e-7,0.7634440064430199,0.665686639492032,0,0,0.00111317336176655
701,1.7062e-7,2.4028e-9,2.8475e-7,0.7578290104865999,0.663419346764672,0,0,0.00111317336176655
702,1.7415999e-7,6.8194002e-9,2.5326e-7,0.75324201583862,0.661203129195728,0,0,0.00111317336176655
703,1.7776e-7,1.9353999e-8,2.2525001e-7,0.75280898809433,0.659000300347679,0,0,0.00111317336176655
704,1.7869e-7,1.0558e-8,2.8060001e-7,0.75432097911835,0.65676641689304,0,0,0.00111317336176655
705,1.7906e-7,3.7151999e-9,3.7434e-7,0.75780099630356,0.65454510160932,0,0,0.00111317336176655
706,1.7943999e-7,1.3073e-9,4.9939001e-7,0.7653279900550799,0.652347388956129,0,0,0.00111317336176655
707,1.8271e-7,5.3476001e-10,6.8256003e-7,0.7757250070571899,0.650179064462363,0,0,0.00111317336176655
708,2.0002e-7,5.3513e-10,0.0000010410999,0.7865539789199799,0.64804066472621,0,0,0.00111317336176655
709,2.1896e-7,5.3549998e-10,0.0000015879,0.80137801170349,0.645927477415145,0,0,0.00111317336176655
710,2.397e-7,5.3588001e-10,0.0000024219,0.81551498174667,0.643829541265932,0,0,0.00111317336176655
711,2.3883999e-7,5.3678001e-10,0.0000028231,0.83413100242615,0.64173162188834,0,0,0.00111317336176655
712,2.1920999e-7,5.3822002e-10,0.0000026001001,0.85075801610947,0.639625199385291,0,0,0.00111317336176655
713,2.012e-7,5.3966998e-10,0.0000023948,0.8656809926033001,0.637520075833445,0,0,0.00111317336176655
714,1.8467e-7,5.4111998e-10,0.0000022055999,0.88111501932144,0.635418507828808,0,0,0.00111317336176655
715,1.7694001e-7,5.4401e-10,0.000002258,0.8897799849510201,0.633321844720165,0,0,0.00111317336176655
716,1.7044999e-7,5.4715998e-10,0.0000023431,0.89331102371216,0.631230528609085,0,0,0.00111317336176655
717,1.642e-7,5.5032001e-10,0.0000024312999,0.8901559710502601,0.629144094349921,0,0,0.00111317336176655
718,1.5614999e-7,5.5386001e-10,0.0000024051999,0.87978297472,0.627061169549807,0,0,0.00111317336176655
719,1.4267e-7,5.5871002e-10,0.0000020504999,0.8607100248336801,0.624979474568657,0,0,0.00111317336176655
720,1.3035999e-7,5.636e-10,0.0000017481,0.83761298656464,0.622895898564635,0,0,0.00111317336176655
721,1.1911e-7,5.6853999e-10,0.0000014903,0.8122109770774799,0.620806776824888,0,0,0.00111317336176655
722,1.1225e-7,5.7288002e-10,0.000001182,0.7825760245323199,0.618720483014771,0,0,0.00111317336176655
723,1.0796e-7,5.7679e-10,8.9355001e-7,0.75287199020386,0.616645067913155,0,0,0.00111317336176655
724,1.0382e-7,5.8072003e-10,6.7550002e-7,0.72280102968216,0.614585527554509,0,0,0.00111317336176655
725,9.9848002e-8,5.8468003e-10,5.1066002e-7,0.6953529715538002,0.612543803228901,0,0,0.00111317336176655
726,9.4500997e-8,7.0348999e-10,4.6144001e-7,0.6673370003700301,0.610518781481997,0,0,0.00111317336176655
727,8.9388998e-8,8.5594998e-10,4.1999999e-7,0.6341810226440401,0.608506294115059,0,0,0.00111317336176655
728,8.4553001e-8,1.0415e-9,3.8228001e-7,0.60597199201584,0.60649911818495,0,0,0.00111317336176655
729,8.1271999e-8,1.1275e-9,3.7693999e-7,0.57794398069382,0.60448697600413,0,0,0.00111317336176655
730,8.0729997e-8,9.3665997e-10,4.3956999e-7,0.55022597312927,0.602483119397168,0,0,0.00111317336176655
731,8.0191001e-8,7.7812001e-10,5.1260002e-7,0.52226197719574,0.600476839221357,0,0,0.00111317336176655
732,7.9655003e-8,6.4640998e-10,5.9775999e-7,0.49443501234055,0.598451104183512,0,0,0.00111317336176655
733,7.6946002e-8,1.2388e-9,4.4327001e-7,0.46115300059319,0.596394994625421,0,0,0.00111317336176655
734,7.3415997e-8,3.5572001e-9,2.6744999e-7,0.43249300122261,0.59430370252385,0,0,0.00111317336176655
735,7.0047001e-8,1.0214e-8,1.6136001e-7,0.40452799201012,0.592178531490539,0,0,0.00111317336176655
736,6.7549998e-8,2.8743999e-8,1e-7,0.37775999307631997,0.590026896772204,0,0,0.00111317336176655
737,7.6756002e-8,5.1634e-8,1e-7,0.35260298848152005,0.587862325250535,0,0,0.00111317336176655
738,8.7217998e-8,9.2751002e-8,1e-7,0.32887500524521,0.585704455442198,0,0,0.00111317336176655
739,9.9692002e-8,1.2947e-7,1e-7,0.30595299601555,0.583554333052564,0,0,0.00111317336176655
740,1.0338e-7,1.1352e-7,1.0562e-7,0.28243601322174,0.581404591354103,0,0,0.00111317336176655
741,1.0679e-7,8.2779003e-8,1.1174e-7,0.26211801171303,0.579245233495467,0,0,0.00111317336176655
742,1.1031e-7,6.5050997e-8,1.1821e-7,0.24379800260067,0.577069672308907,0,0,0.00111317336176655
743,1.1526e-7,7.6001001e-8,1.4334e-7,0.22760300338268,0.574874730310274,0,0,0.00111317336176655
744,1.2352e-7,8.0208999e-8,2.3196e-7,0.21027599275112,0.572660639699023,0,0,0.00111317336176655
745,1.3237999e-7,6.9487001e-8,3.7536e-7,0.19652099907398,0.570431042358207,0,0,0.00111317336176655
746,1.4187e-7,5.1503001e-8,6.0743002e-7,0.18290799856186,0.568192989854482,0,0,0.00111317336176655
747,1.5576001e-7,3.2997001e-8,4.9552e-7,0.17125000059605,0.565956821108565,0,0,0.00111317336176655
748,1.7311e-7,3.7759001e-8,2.8935e-7,0.1596509963274,0.563723297758812,0,0,0.00111317336176655
749,1.9239999e-7,5.5735999e-8,1.6896e-7,0.15041999518871,0.561490354063015,0,0,0.00111317336176655
750,2.1333e-7,5.4737001e-8,1e-7,0.14266499876976,0.559258706811069,0,0,0.00111317336176655
751,2.0900001e-7,5.0305999e-8,1e-7,,0.55702876277605,0,0,0.00111317336176655
752,2.0476e-7,4.0648999e-8,1e-7,,0.554800618714206,0,0,0.00111317336176655
753,2.006e-7,3.8869e-8,1e-7,,0.552574061364965,0,0,0.00111317336176655
754,1.9191e-7,6.4894998e-8,1e-7,,0.550348567450933,0,0,0.00111317336176655
755,1.7648e-7,9.5087003e-8,1e-7,,0.548128572762492,0,0,0.00111317336176655
756,1.6228e-7,1.1564e-7,1e-7,,0.545908521309454,0,0,0.00111317336176655
757,1.4923e-7,2.0119001e-7,1e-7,,0.543676027970739,0,0,0.00111317336176655
758,1.4299999e-7,4.4802999e-7,1e-7,,0.541422585466558,0,0,0.00111317336176655
759,1.3909001e-7,9.7211e-7,1e-7,,0.539144093064199,0,0,0.00111317336176655
760,1.3528999e-7,0.0000020932,1e-7,,0.53684085657803,0,0,0.00111317336176655
761,1.3258e-7,0.0000025365,1.0096e-7,,0.534517588369497,0,0,0.00111317336176655
762,1.3966999e-7,0.0000028801001,1.1124e-7,,0.532183407347123,0,0,0.00111317336176655
763,1.4714e-7,0.0000025786001,1.2257e-7,,0.529857731892046,0,0,0.00111317336176655
764,1.5501e-7,0.0000024617,1.3506001e-7,,0.527532394040583,0,0,0.00111317336176655
765,1.5125001e-7,0.0000026952,1.5896001e-7,,0.525195924480308,0,0,0.00111317336176655
766,1.3473e-7,0.0000032800001,2.0221e-7,,0.522843778792536,0,0,0.00111317336176655
767,1.2001e-7,0.0000044349999,2.5721999e-7,,0.520474352788063,0,0,0.00111317336176655
768,1.069e-7,0.0000068199001,3.2720001e-7,,0.518088982507165,0,0,0.00111317336176655
769,9.5685003e-8,0.000011126,2.5854001e-7,,0.515691944219597,0,0,0.00111317336176655
770,8.5734001e-8,0.000019454999,1.8441e-7,,0.51330142788845,0,0,0.00111317336176655
771,7.6818999e-8,0.000033724002,1.3153e-7,,0.510930438235323,0,0,0.00111317336176655
772,7.0085001e-8,0.000041518,1.0275e-7,,0.508525259449019,0,0,0.00111317336176655
773,6.9129001e-8,0.000048546,1.1863e-7,,0.506052608571239,0,0,0.00111317336176655
774,6.8185997e-8,0.000048131998,1.3696e-7,,0.503494774944418,0,0,0.00111317336176655
775,6.7255002e-8,0.000051427,1.5812e-7,,0.500849338655354,0,0,0.00111317336176655
776,6.7035998e-8,0.000060823,2.3752e-7,,0.498129170535205,0,0,0.00111317336176655
777,6.7374998e-8,0.000083127001,4.4026001e-7,,0.495362432159492,0,0,0.00111317336176655
778,6.7716002e-8,0.00012466,8.1603997e-7,,0.492653626013036,0,0,0.00111317336176655
779,6.8059002e-8,0.00017892,0.0000015126,,0.489925582145836,0,0,0.00111317336176655
780,5.6895001e-8,0.00025392999,7.8247001e-7,,0.48708394254095,0,0,0.00111317336176655
781,4.6878e-8,0.00021703,3.6553001e-7,,0.484084712687813,0,0,0.00111317336176655
782,3.8624002e-8,0.00017614001,1.7076e-7,,0.480890332830648,0,0,0.00111317336176655
783,3.8126e-8,0.00011589,1e-7,,0.477459636293947,0,0,0.00111317336176655
784,5.7369e-8,0.000079224003,1e-7,,0.474019459151458,0,0,0.00111317336176655
785,8.6322999e-8,0.000058014,1e-7,,0.470770434018044,0,0,0.00111317336176655
786,1.2989e-7,0.000046505,1e-7,,0.467886990049682,0,0,0.00111317336176655
787,2.08e-7,0.000040178998,1.4586e-7,,0.465325480996508,0,0,0.00111317336176655
788,3.4320999e-7,0.000039589999,2.5603001e-7,,0.463047013467877,0,0,0.00111317336176655
789,5.6632001e-7,0.000040891999,4.4939e-7,,0.460957589497096,0,0,0.00111317336176655
790,8.9803001e-7,0.000048484999,7.7237002e-7,,0.458907781251516,0,0,0.00111317336176655
791,6.7955e-7,0.000057454999,8.6663999e-7,,0.456768812704491,0,0,0.00111317336176655
792,5.1423001e-7,0.000062193998,9.7242003e-7,,0.454711263836567,0,0,0.00111317336176655
793,3.8913001e-7,0.000061466999,0.0000010911,,0.452589191358871,0,0,0.00111317336176655
794,3.5018999e-7,0.000049372,0.0000010835,,0.45029895561129,0,0,0.00111317336176655
795,3.9656001e-7,0.000037254998,9.1151998e-7,,0.44777922056248,0,0,0.00111317336176655
796,4.4410001e-7,0.000029385999,5.4206998e-7,,0.44501095380986,0,0,0.00111317336176655
797,4.9733001e-7,0.000025412,3.2235999e-7,,0.442017426579612,0,0,0.00111317336176655
798,6.1643999e-7,0.000024004999,3.4084999e-7,,0.438864213726685,0,0,0.00111317336176655
799,7.8321e-7,0.000024692001,4.1103999e-7,,0.435615992328138,0,0,0.00111317336176655
800,9.9509998e-7,0.000031115,4.9569002e-7,,0.432455712498841,0,0,0.00111317336176655
801,0.0000012872,0.000044626999,6.2126998e-7,,0.429392494669423,0,0,0.00111317336176655
802,0.0000018018,0.000071223003,9.1121001e-7,,0.426487252016237,0,0,0.00111317336176655
803,0.0000025222,0.00012127,0.0000013364,,0.42376830360573,0,0,0.00111317336176655
804,0.000003156,0.00012146,0.0000016839,,0.421231374394446,0,0,0.00111317336176655
805,0.0000030404001,0.00010344,0.0000015227999,,0.41883959522903,0,0,0.00111317336176655
806,0.0000027762001,0.000063763,0.0000012778,,0.416523502846219,0,0,0.00111317336176655
807,0.0000025349,0.000038459999,0.0000010723001,,0.41418103987285,0,0,0.00111317336176655
808,0.0000023719999,0.000029045999,9.4433e-7,,0.41181717206588,0,0,0.00111317336176655
809,0.0000024538999,0.000023461,0.0000010301,,0.409458699823842,0,0,0.00111317336176655
810,0.0000025386,0.000022943999,0.0000011236,,0.407087789242823,0,0,0.00111317336176655
811,0.0000026263001,0.000024968,0.0000012257,,0.404692224458198,0,0,0.00111317336176655
812,0.0000028858999,0.000031027001,0.0000013987,,0.402265407644629,0,0,0.00111317336176655
813,0.0000033220999,0.000045364999,0.0000016551,,0.399806359016064,0,0,0.00111317336176655
814,0.0000038243002,0.000072916999,0.0000019585,,0.397319716825739,0,0,0.00111317336176655
815,0.0000044023,0.00010236,0.0000023175,,0.394815737366175,0,0,0.00111317336176655
816,0.0000044991998,0.00013886001,0.0000019044001,,0.392314726078123,0,0,0.00111317336176655
817,0.0000045605002,0.000093273004,0.0000015194,,0.389820470481399,0,0,0.00111317336176655
818,0.0000046225,0.000062382998,0.0000012121,,0.387316816834355,0,0,0.00111317336176655
819,0.0000046964001,0.000040976,0.0000010462001,,0.38479851283061,0,0,0.00111317336176655
820,0.0000047967001,0.000029572,0.0000010859,,0.382263251107085,0,0,0.00111317336176655
821,0.0000048992001,0.000024853,0.0000011270999,,0.379711669244005,0,0,0.00111317336176655
822,0.0000050038002,0.000023668999,0.0000011699,,0.377147349764898,0,0,0.00111317336176655
823,0.0000049847999,0.000024763,0.0000015198,,0.374580862166797,0,0,0.00111317336176655
824,0.0000049081,0.000030220999,0.0000022008001,,0.372047732901028,0,0,0.00111317336176655
825,0.0000048325001,0.000038720002,0.0000031871,,0.36948698977429,0,0,0.00111317336176655
826,0.0000047640001,0.000061512001,0.0000045338002,,0.366854955733271,0,0,0.00111317336176655
827,0.0000047934,0.000098267999,0.0000046634,,0.364127246419699,0,0,0.00111317336176655
828,0.0000048228999,0.00015156,0.0000047967001,,0.361297016898336,0,0,0.00111317336176655
829,0.0000048525999,0.00018858,0.0000049338,,0.358374961656988,0,0,0.00111317336176655
830,0.0000048842999,0.00015173,0.0000048882998,,0.355366492935863,0,0,0.00111317336176655
831,0.0000049188002,0.00011119,0.0000046096002,,0.352335133299147,0,0,0.00111317336176655
832,0.0000049535001,0.000074786003,0.0000043467999,,0.349392472114836,0,0,0.00111317336176655
833,0.0000049885002,0.000058425001,0.0000040988998,,0.346546170874509,0,0,0.00111317336176655
834,0.0000051142001,0.000048477999,0.0000049453001,,0.343816153943139,0,0,0.00111317336176655
835,0.0000052645,0.000048905,0.0000063165999,,0.341201817800915,0,0,0.00111317336176655
836,0.0000054193001,0.000051275001,0.0000080682003,,0.338682031043236,0,0,0.00111317336176655
837,0.0000055546998,0.000063592997,0.0000097954999,,0.336215134380712,0,0,0.00111317336176655
838,0.0000055941,0.000081938,0.0000096570002,,0.333738940639168,0,0,0.00111317336176655
839,0.0000056337999,0.00011592,0.0000095204005,,0.33123694377881,0,0,0.00111317336176655
840,0.0000056736999,0.00014827,0.0000093857998,,0.328738050065074,0,0,0.00111317336176655
841,0.0000055514001,0.00017035,0.0000069325001,,0.326249783675051,0,0,0.00111317336176655
842,0.0000053190001,0.00014803,0.0000041579001,,0.323776768513279,0,0,0.00111317336176655
843,0.0000050961999,0.00011266,0.0000024937999,,0.321320728211736,0,0,0.00111317336176655
844,0.0000048828001,0.000084414001,0.0000014957,,0.318880486129848,0,0,0.00111317336176655
845,0.0000047803001,0.000063847998,9.3769e-7,,0.316451965354482,0,0,0.00111317336176655
846,0.0000046836999,0.000056829002,5.8871001e-7,,0.314019909614465,0,0,0.00111317336176655
847,0.0000045891002,0.000052904001,3.6961001e-7,,0.311568378001679,0,0,0.00111317336176655
848,0.0000045643001,0.000055888999,2.4796e-7,,0.309144888776179,0,0,0.00111317336176655
849,0.0000046669002,0.000063804,1.8756e-7,,0.306779575061048,0,0,0.00111317336176655
850,0.0000047717999,0.000079840996,1.4187999e-7,,0.304488595156888,0,0,0.00111317336176655
851,0.0000048789998,0.00010438,1.0732e-7,,0.302274706882793,0,0,0.00111317336176655
852,0.0000050438998,0.00013966,1.0277e-7,,0.300127267576351,0,0,0.00111317336176655
853,0.0000052343999,0.00014898001,1.0661e-7,,0.29802223409364,0,0,0.00111317336176655
854,0.0000054319999,0.00015048,1.1058e-7,,0.295922162809231,0,0,0.00111317336176655
855,0.0000055926998,0.00011295,1.1664e-7,,0.293787963573794,0,0,0.00111317336176655
856,0.0000054661,0.000084867999,1.3632e-7,,0.291661858926408,0,0,0.00111317336176655
857,0.0000053424001,0.000063974003,1.5931001e-7,,0.28956319238977,0,0,0.00111317336176655
858,0.0000052215,0.000050843999,1.8618999e-7,,0.287503839809978,0,0,0.00111317336176655
859,0.0000050252002,0.000043176999,2.4242999e-7,,0.285488209356529,0,0,0.00111317336176655
860,0.0000047693002,0.000040023999,3.4687e-7,,0.283513241522319
861,0.0000045264001,0.000038949998,4.9631001e-7,,0.281568409123646
862,0.0000042959,0.000041638999,7.1013e-7,,0.279635717300206
863,0.0000043258001,0.000045478999,5.6977001e-7,,0.277689703515094
864,0.0000043783002,0.000054202999,4.3796999e-7,,0.275742273634469
865,0.0000044315002,0.000064794003,3.3666001e-7,,0.273800159076717
866,0.0000046607001,0.000078179997,2.5867001e-7,,0.271854538224317
867,0.0000053242002,0.000089136003,1.9859e-7,,0.269899021222055
868,0.0000060821999,0.000094611998,1.5246e-7,,0.267929767060812
869,0.0000055191999,0.000090677997,1.1092e-7,,0.265945483577571
870,0.0000061148999,0.000080489001,1e-7,,0.263947427455413
871,0.0000059589001,0.000069706999,1e-7,,0.261939404223515
872,0.0000060810999,0.000059911999,1e-7,,0.259927768257158
873,0.0000063971002,0.000055419001,1.002e-7,,0.257921422777717
874,0.0000064668002,0.000052405001,1.0365e-7,,0.255915082928151
875,0.0000065383001,0.000055101002,1.0721e-7,,0.253908395480799
876,0.0000049452001,0.000060453,1.109e-7,,0.251902012550838
877,0.0000040950999,0.000071928,1.3006e-7,,0.249896395632231
878,0.0000036531001,0.000091071,1.7837e-7,,0.247891815597725
879,0.0000032588,0.00012163,2.4464001e-7,,0.245888352698851
880,0.0000029124001,0.0001628,3.3552999e-7,,0.243885896565927
881,0.0000026439,0.00021807,4.7143001e-7,,0.241884146208052
882,0.0000024000999,0.00022758001,6.6558999e-7,,0.239882610013112
883,0.0000021788001,0.00022628999,9.3970999e-7,,0.237889076129842
884,0.0000019779,0.00018298,0.0000013322,,0.235893722465666
885,0.0000018269,0.00014919,0.0000019155,,0.2338803154195
886,0.0000018057,0.00012378,0.0000027543001,,0.231838398472494
887,0.0000017849,0.00010892,0.0000039604001,,0.229763292188035
888,0.0000017642,0.00010124,0.0000047046001,,0.227656094211749
889,0.0000017439,0.00010052,0.0000049588002,,0.225523679271497
890,0.0000017636,0.00010248,0.0000052268001,,0.223378699177381
891,0.0000018802,0.00011104,0.0000054808002,,0.221241012335062
892,0.0000020046,0.00012079,0.0000032477999,,0.219109373174364
893,0.0000021373,0.00012927,0.0000019245999,,0.216972919329888
894,0.0000022787001,0.00013402,0.0000011405,,0.214826772804055
895,0.0000025100001,0.00012942,7.5478999e-7,,0.212668279086572
896,0.0000029016001,0.00011659,5.8758002e-7,,0.210497007154428
897,0.0000033542999,0.000098190998,4.5741001e-7,,0.208314749471898
898,0.0000038776002,0.000079589998,3.5607999e-7,,0.206125521990539
899,0.0000044826002,0.000063501997,3.3313e-7,,0.203935564149195
900,0.0000051819002,0.000052001,3.2603e-7,,0.201743579100469
901,0.0000061821002,0.000043073,3.1907999e-7,,0.199554673782278
902,0.0000076979004,0.000038365,3.2292999e-7,,0.197375837810649
903,0.0000095854002,0.000034958,3.7279e-7,,0.19521134716746
904,0.000011936,0.000033516,4.3034001e-7,,0.193062764200437
905,0.000015059,0.000033785,4.9677999e-7,,0.190928937623155
906,0.000019002,0.000035730998,6.7872003e-7,,0.188806002515037
907,0.000023978,0.000040349001,0.0000010356,,0.186687127395622
908,0.000030257001,0.000046783,0.0000015802,,0.18456285731945
909,,0.000058933001,0.0000024112001,,0.182439014881118
910,,0.000074737,0.0000036964,,0.180316907950844
911,,0.000094060997,0.0000056665999,,0.178197014105807
912,,0.00011156,0.0000086870004,,0.176079412244517
913,,0.0001167,0.000010347,,0.173963782586812
914,,0.00011049,0.0000086089003,,0.171849406673858
915,,0.000095572999,0.0000071630002,,0.169735167368151
916,,0.000082163999,0.0000059599001,,0.167625483100476
917,,0.000070474998,0.0000055790001,,0.165512834728063
918,,0.000065815002,0.0000053591998,,0.163390333791533
919,,0.000062913998,0.0000051482002,,0.161253759192352
920,,0.000066945002,0.0000052301998,,0.159101557192828
921,,0.000073611001,0.0000064154001,,0.156934841416112
922,,0.000086143998,0.0000078692001,,0.154757392846201
923,,0.00010368,0.0000096524,,0.152575659827936
924,,0.00012765999,0.000011688,,0.150396208935571
925,,0.0001414,0.000014052,,0.148216705764753
926,,0.0001514,0.000016893,,0.146043412574938
927,,0.00012855,0.00002005,,0.143880785673895
928,,0.00010678,0.000018913001,,0.141731013297443
929,,0.000083159,0.000017840999,,0.139594015609448
930,,0.000065863002,0.000016829999,,0.137467444701828
931,,0.000053611999,0.000014939,,0.135346684594546
932,,0.000045101999,0.000012373,,0.133227069050888
933,,0.000040118,0.0000091324,,0.131103972214188
934,,0.000036601999,0.0000067405999,,0.128976615864272
935,,0.000035563,0.0000050977001,,0.126843164573396
936,,0.000035806999,0.0000040026998,,0.124702939525918
937,,0.000037403999,0.0000031428999,,0.122556418518296
938,,0.000041940999,0.0000024678,,0.120405235959092
939,,0.000048506001,0.0000022233,,0.118252182868967
940,,0.000060325001,0.0000020726,,0.116085147398621
941,,0.000075773001,0.0000019321001,,0.113914779314146
942,,0.000096741998,0.0000018598,,0.111783735985839
943,,0.0001158,0.000002018,,0.109720452764754
944,,0.00012033,0.0000021896999,,0.10773893191256
945,,0.00010816,0.0000023760001,,0.105838742601538
946,,0.000084999003,0.0000025746999,,0.104005020914585
947,,0.000065676999,0.0000027875999,,0.102208469845208
948,,0.000050424002,0.0000030181,,0.100405359297533
949,,0.000041781001,0.0000032308001,,0.0985879987442113
950,,0.000035476001,0.0000025515001,,0.0967443119334202
951,,0.000033803,0.0000020151001,,0.0949011482603892
952,,0.000033461001,0.0000015914,,0.0931182280087403
953,,0.000035554,0.0000012448,,0.0914346267201803
954,,0.000040440998,9.6246004e-7,,0.0898687751945012
955,,0.000048540001,7.4414999e-7,,0.0884184594895801
956,,0.000061938998,5.7534999e-7,,0.0870608209213791
957,,0.000080514001,5.0784001e-7,,0.0857523560639453
958,,0.000086619002,4.5729001e-7,,0.0844289167494109
959,,0.000087369997,4.1177e-7,,0.0830884497343239
960,,0.000067950998,3.8446001e-7,,0.0817479827192371
961,,0.000051338,3.9240999e-7,,0.0804061149707772
962,,0.000037131002,4.0053001e-7,,0.0790650218543653
963,,0.000028125,4.0882e-7,,0.0777266362267322
964,,0.000021942,4.4087e-7,,0.0763921481238593
965,,0.000019064,4.8624003e-7,,0.0750620047609789
966,,0.000017011,5.3628003e-7,,0.0737359105325737
967,,0.000016698001,6.0063002e-7,,0.0724128270123771
968,,0.000016833001,7.4352999e-7,,0.0710909729533733
969,,0.000018399,9.2042001e-7,,0.069767824287797
970,,0.000021344,0.0000011394,,0.06844451643202
971,,0.000026551001,0.0000015686001,,0.0671197434033773
972,,0.000036701,0.0000023489999,,0.0657896134639884
973,,0.000053206,0.0000030171,,0.0644664270216926
974,,0.000080245001,0.0000038753001,,0.0631587707388426
975,,0.00013094999,0.0000050439999,,0.0618715175323042
976,,0.00018066,0.0000066747002,,0.060605826573456
977,,0.00021601,0.0000088325996,,0.0593591432881902
978,,0.0001831,0.000011688,,0.0581251993569116
979,,0.00013813,0.000012351,,0.0568940127145386
980,,0.00010478,0.00001257,,0.0556564923795087
981,,0.000081536004,0.000012793,,0.0544189720444789
982,,0.000072381998,0.000011974,,0.0531851451457667
983,,0.000067528003,0.0000089350997,,0.0519529611607318
984,,0.000068606001,0.0000066675002,,0.0507111811337842
985,,0.000074292999,0.0000049752998,,0.0494522797478448
986,,0.000084302999,0.0000036894,,0.048172445324346
987,,0.00010034,0.000002728,,0.0468715798232309
988,,0.00012101,0.0000020171001,,0.0455532988429539
989,,0.00013806,0.0000015110001,,0.0442249316204808
990,,0.00015121,0.0000012662,,0.0428975210312881
991,,0.00014138001,0.000001061,,0.0415742156466512
992,,0.00012416999,8.8911997e-7,,0.0402509102620143
993,,0.000099819001,7.7956997e-7,,0.0388860207008759
994,,0.000078634002,7.1233001e-7,,0.0375359729054175
995,,0.000061199004,6.5089e-7,,0.0362717402120884
996,,0.000048114001,5.9475002e-7,,0.0351383601501212
997,,0.000037965001,6.3008002e-7,,0.0341549344415311
998,,0.000030985,6.7338999e-7,,0.0333146290011165
999,,0.00002562,7.1967003e-7,,0.0325846739364586
1000,,0.000021987,7.7035003e-7,,0.0319063635479216
1001,,0.000018410001,8.1371002e-7,,0.0311950563286528
1002,,0.000016607,8.4673002e-7,,0.0304708680907296
1003,,0.000015036,8.8049001e-7,,0.0297459761979181
1004,,0.000013614,9.1560003e-7,,0.0289928154361284
1005,,0.000012777,9.1589999e-7,,0.0282601201101464
1006,,0.000012739,8.5886001e-7,,0.0275826047023175
1007,,0.000012701,8.0537001e-7,,0.0269809638725463
1008,,0.000012664,7.5521001e-7,,0.0264618724582968
1009,,0.000014118,6.8531e-7,,0.0260179854745923
1010,,0.000016206001,6.1664002e-7,,0.0256279381140156
1011,,0.000018604,5.5485998e-7,,0.0252563457467087
1012,,0.000021651,5.0111998e-7,,0.0248560154071646
1013,,0.000026492,4.5872e-7,,0.0244556850676206
1014,,0.000032415999,4.1991001e-7,,0.0240545246736681
1015,,0.000039663999,3.8439001e-7,,0.023651653948946
1016,,0.000042042,3.9226001e-7,,0.0232518338874231
1017,,0.000041089999,4.2554001e-7,,0.0228583522665044
1018,,0.000040161001,4.6164001e-7,,0.0224730236470314
1019,,0.000038927999,5.0327998e-7,,0.0220961893732817
1020,,0.000033493001,5.8826998e-7,,0.0217267175729697
1021,,0.000028816001,6.8759999e-7,,0.0213620031572457
1022,,0.000024793,8.0371001e-7,,0.0209979678206968
1023,,0.000022786,0.0000010270001,,0.0206316687837727
1024,,0.000022411999,0.0000014382,,0.0202653697468486
1025,,0.000022044,0.0000020140999,,0.0198990705452313
1026,,0.000021553,0.0000025577001,,0.0195327712958699
1027,,0.000024479999,0.0000036017,,0.0191664724573936
1028,,0.000028334,0.0000051343,,0.0188001743349877
1029,,0.000032796001,0.0000073191,,0.018433877080393
1030,,0.000038573002,0.0000093973003,,0.0180675806919064
1031,,0.000046992001,0.0000096507001,,0.0177012850143804
1032,,0.000057247998,0.0000099110002,,0.0173349897392235
1033,,0.000069741996,0.000010178,,0.0169686944043998
1034,,0.000073427,0.0000090893,,0.0166023989120365
1035,,0.000073461997,0.0000077395998,,0.0162361034196731
1036,,0.000073497002,0.0000065903,,0.0158733065453227
1037,,0.000072358001,0.0000057497,,0.0155093199490072
1038,,0.000065815999,0.0000056295999,,0.0151380741258768
1039,,0.000059866001,0.0000055121,,0.0147557097177754
1040,,0.000054453001,0.0000053970002,,0.0143605775132402
1041,,0.000053178999,0.0000058893002,,0.0139532384475022
1042,,0.000054454998,0.0000068979002,,0.0135364636024855
1043,,0.000055761,0.0000080791997,,0.0131152342068081
1044,,0.000057265999,0.0000095167998,,0.0126967416357812
1045,,0.000064061001,0.000013,,0.0122793917547978
1046,,0.000069431,0.000016329999,,0.0118620418738145
1047,,0.000074224998,0.000018205001,,0.0114416011863718
1048,,0.000079147998,0.000019846,,0.0110232179426683
1049,,0.000084396997,0.000021633999,,0.0106105768307037
1050,,0.000087656997,0.000021786,,0.0102058892525922
1051,,0.000084877,0.00001776,,0.00980989332456242
1052,,0.000082186001,0.000014478,,0.00942185387695749
1053,,0.000079580001,0.000011802,,0.009039562454235
1054,,0.000079546997,0.0000099327999,,0.00865933731496698
1055,,0.000080578997,0.0000084718004,,0.00827602343183993
1056,,0.000081623999,0.0000072256998,,0.00789270645481251
1057,,0.000083753002,0.0000062845002,,0.00751126733463172
1058,,0.000092993003,0.0000061689998,,0.0071344358112872
1059,,0.00010325,0.0000060556999,,0.00675021050524611
1060,,0.00011465,0.0000059444001,,0.00635027449328386
1061,,0.00012229,0.0000063092998,,0.00592999530848409
1062,,0.00012666,0.0000070963001,,0.0054884249402387
1063,,0.00013118,0.0000079814999,,0.00502829983424781
1064,,0.00013563001,0.0000089999003,,0.0045560408925198
1065,,0.00012387001,0.000012512,,0.00408175347337129
1066,,0.00010449,0.000015483,,0.00361332555562346
1067,,0.000089706999,0.000017947001,,0.00314489763787564
1068,,0.000077368997,0.000020453999,,0.00267646972012781
1069,,0.000066727996,0.000023311,,0.00220804180237998
1070,,0.000058606998,0.000025412,,0.00173961388463215
1071,,0.000054762,0.000023854
1072,,0.000051169001,0.000022390999
1073,,0.000047811998,0.000021018001
1074,,0.000045344001,0.000019237001
1075,,0.000043324999,0.000017386001
1076,,0.000041396001,0.000015713
1077,,0.000039293998,0.000014256
1078,,0.000035240999,0.000013358
1079,,0.000031607,0.000012517
1080,,0.000028347,0.000011728
1081,,0.000024523,0.000011604
1082,,0.000020587,0.00001201
1083,,0.000017283999,0.000012431
1084,,0.00001451,0.000012866
1085,,0.000013879,0.000014152
1086,,0.000013294,0.000015575
1087,,0.000012734,0.000017140999
1088,,0.000012462,0.000019116
1089,,0.000012542,0.000021686001
1090,,0.000012622,0.000024601
1091,,0.000012039,0.000026596999
1092,,0.000012745,0.000028386999
1093,,0.000014035,0.000030147999
1094,,0.000015455,0.000032019001
1095,,0.000017242,0.000033526001
1096,,0.000020506001,0.000032684002
1097,,0.000024388,0.000031863001
1098,,0.000029004999,0.000031062002
1099,,0.000034944002,0.000029332001
1100,,0.000042444,0.000027139
1101,,0.000051552001,0.000025109
1102,,0.000062396,0.000023139
1103,,0.000071415001,0.000019929001
1104,,0.000081737002,0.000017164
1105,,0.000093552,0.000014782
1106,,0.00010041,0.000011956
1107,,0.00010124,0.0000090908998
1108,,0.00010209,0.0000069122002
1109,,0.00010293,0.0000052557002
1110,,0.00010146,0.0000041972999
1111,,0.000099896999,0.0000033601
1112,,0.000098361998,0.0000026898001
1113,,0.000094121002,0.0000017363
1114,,0.000086417,8.1795997e-7
1115,,0.000079343001,3.8535001e-7
1116,,0.000072848001,1.8154e-7
1117,,0.000065601998,3.0383001e-7
1118,,0.000058895999,6.2507002e-7
1119,,0.000052874999,0.0000012859
1120,,0.00023915,0.000016405
1121,,0.00026941,0.000016305999
1122,,0.00021295001,0.000016208
1123,,0.00021421,0.00001611
1124,,0.00015101999,0.000016013
1125,,0.00019816001,0.000015916001
1126,,0.00020085,0.000018537001
1127,,0.00017729,0.000021589
1128,,0.00018592,0.000025144
1129,,0.00022483,0.000029284
1130,,0.00024052001,0.000034107001
1131,,0.00027234,0.000034986999
1132,,0.00025720001,0.000035891
1133,,0.00018230001,0.000036818001
1134,,0.00028896,0.000037769001
1135,,0.00039268,0.000038744001
1136,,0.00029950999,0.000035274999
1137,,0.00031872001,0.000032117001
1138,,0.00027496001,0.000029242001
1139,,0.00034932999,0.000026624
1140,,0.00042920999,0.000024241001
1141,,0.00033916999,0.000022067001
1142,,0.00037915001,0.000020089001
1143,,0.00035879001,0.000018287001
1144,,0.00019627,0.000016648
1145,,0.00020726,0.000015155
1146,,0.00032699999,0.000016755999
1147,,0.00027702001,0.000018526
1148,,0.00038953999,0.000020482999
1149,,0.00031131,0.000022646
1150,,0.00025035001,0.000025039
1151,,0.00035374999,0.00002517
1152,,0.00030409,0.000025302001
1153,,0.00026084,0.000025435
1154,,0.00031504,0.000025568999
1155,,0.00026763001,0.000025703001
1156,,0.00028872999,0.000027582
1157,,0.00031773001,0.000029598999
1158,,0.00034345,0.000031762
1159,,0.00028554001,0.000034084002
1160,,0.00031035999
1161,,0.00024307
1162,,0.00024893999
1163,,0.00022144
1164,,0.00022114
1165,,0.00026336999
1166,,0.00027543999
1167,,0.00023075999
1168,,0.000164
1169,,0.00028655
1170,,0.00028330999
1171,,0.00024138999
1172,,0.00029202001
1173,,0.00017629001
1174,,0.00028872001
1175,,0.00028489999
1176,,0.00026658
1177,,0.00026701999
1178,,0.0002335
1179,,0.00029289001
1180,,0.00027148999
1181,,0.00031068001
1182,,0.00029542
1183,,0.00037461001
1184,,0.00034895001
1185,,0.00034669001
1186,,0.00038401
1187,,0.00026269001
1188,,0.00026882
1189,,0.00032208001
1190,,0.0002673
1191,,0.00028149001
1192,,0.00027799001
1193,,0.00027839001
1194,,0.00032891001
1195,,0.00033109999
1196,,0.00025387001
1197,,0.00032133001
1198,,0.00031673
1199,,0.00029651
1200,,0.00028564999
1201,,0.00039967001
1202,,0.00033343001
1203,,0.00045245001
1204,,0.00036039